time,prey,predator
0.000,30.000000,4.000000
0.100,32.295777,4.135879
0.200,34.745967,4.306923
0.300,37.353484,4.519193
0.400,40.118796,4.780297
0.500,43.038974,5.099800
0.600,46.106447,5.489758
0.700,49.307393,5.965387
0.800,52.619678,6.545910
0.900,56.010264,7.255581
1.000,59.432021,8.124903
1.100,62.819950,9.191967
1.200,66.086987,10.503760
1.300,69.119811,12.117106
1.400,71.775629,14.098599
1.500,73.881572,16.522480
1.600,75.239319,19.464955
1.700,75.638264,22.993162
1.800,74.880396,27.147496
1.900,72.817603,31.917967
2.000,69.396500,37.219236
2.100,64.697860,42.873935
2.200,58.952059,48.616392
2.300,52.515517,54.124321
2.400,45.808823,59.073652
2.500,39.237135,63.198172
2.600,33.122681,66.331821
2.700,27.670529,68.420867
2.800,22.970075,69.508377
2.900,19.020086,69.703459
3.000,15.761470,69.148696
3.100,13.106507,67.994156
3.200,10.959750,66.380641
3.300,9.230502,64.431119
3.400,7.838859,62.247921
3.500,6.717612,59.913357
3.600,5.811871,57.491991
3.700,5.077639,55.033478
3.800,4.480050,52.575369
3.900,3.991654,50.145605
4.000,3.590904,47.764614
4.100,3.260902,45.447003
4.200,2.988375,43.202909
4.300,2.762879,41.039050
4.400,2.576172,38.959546
4.500,2.421728,36.966544
4.600,2.294365,35.060713
4.700,2.189953,33.241610
4.800,2.105197,31.507971
4.900,2.037461,29.857934
5.000,1.984639,28.289204
5.100,1.945047,26.799190
5.200,1.917347,25.385101
5.300,1.900482,24.044026
5.400,1.893632,22.772993
5.500,1.896167,21.569014
5.600,1.907625,20.429118
5.700,1.927685,19.350381
5.800,1.956150,18.329940
5.900,1.992931,17.365011
6.000,2.038038,16.452899
6.100,2.091572,15.591002
6.200,2.153719,14.776820
6.300,2.224742,14.007952
6.400,2.304987,13.282102
6.500,2.394872,12.597076
6.600,2.494895,11.950783
6.700,2.605630,11.341231
6.800,2.727732,10.766527
6.900,2.861936,10.224873
7.000,3.009066,9.714567
7.100,3.170033,9.233993
7.200,3.345848,8.781625
7.300,3.537617,8.356023
7.400,3.746560,7.955825
7.500,3.974006,7.579752
7.600,4.221411,7.226598
7.700,4.490360,6.895234
7.800,4.782579,6.584602
7.900,5.099944,6.293712
8.000,5.444495,6.021646
8.100,5.818442,5.767550
8.200,6.224180,5.530638
8.300,6.664303,5.310186
8.400,7.141616,5.105539
8.500,7.659148,4.916106
8.600,8.220168,4.741362
8.700,8.828198,4.580851
8.800,9.487028,4.434188
8.900,10.200730,4.301062
9.000,10.973674,4.181241
9.100,11.810534,4.074581
9.200,12.716304,3.981028
9.300,13.696304,3.900637
9.400,14.756181,3.833575
9.500,15.901910,3.780147
9.600,17.139780,3.740808
9.700,18.476379,3.716195
9.800,19.918556,3.707157
9.900,21.473371,3.714798
10.000,23.148020,3.740523
10.100,24.949728,3.786111
10.200,26.885601,3.853794
10.300,28.962428,3.946362
10.400,31.186402,4.067302
10.500,33.562768,4.220971
10.600,36.095333,4.412816
10.700,38.785828,4.649666
10.800,41.633075,4.940097
10.900,44.631883,5.294908
11.000,47.771626,5.727721
11.100,51.034406,6.255737
11.200,54.392725,6.900682
11.300,57.806581,7.689929
11.400,61.219967,8.657794
11.500,64.556835,9.846888
11.600,67.716825,11.309292
11.700,70.571428,13.107066
11.800,72.961874,15.311270
11.900,74.700896,17.998182
12.000,75.581400,21.241026
12.100,75.395473,25.095532
12.200,73.965972,29.578841
12.300,71.188879,34.644263
12.400,67.077401,40.159199
12.500,61.791189,45.897742
12.600,55.632431,51.558783
12.700,49.000750,56.811418
12.800,42.318465,61.355158
12.900,35.953782,64.972896
13.000,30.169251,67.558008
13.100,25.107145,69.110835
13.200,20.805322,69.713335
13.300,17.228126,69.495958
13.400,14.298276,68.607876
13.500,11.921955,67.195811
13.600,10.005121,65.391843
13.700,8.462302,63.308187
13.800,7.220204,61.036447
13.900,6.218223,58.649278
14.000,5.407398,56.203054
14.100,4.748749,53.740740
14.200,4.211507,51.294557
14.300,3.771495,48.888265
14.400,3.409747,46.539047
14.500,3.111381,44.259016
14.600,2.864697,42.056398
14.700,2.660476,39.936459
14.800,2.491429,37.902213
14.900,2.351777,35.954979
15.000,2.236921,34.094801
15.100,2.143195,32.320775
15.200,2.067668,30.631297
15.300,2.007996,29.024260
15.400,1.962306,27.497201
15.500,1.929106,26.047411
15.600,1.907211,24.672028
15.700,1.895694,23.368104
15.800,1.893838,22.132652
15.900,1.901107,20.962689
16.000,1.917114,19.855268
16.100,1.941604,18.807493
16.200,1.974440,17.816542
16.300,2.015586,16.879676
16.400,2.065101,15.994249
16.500,2.123129,15.157711
16.600,2.189899,14.367615
16.700,2.265717,13.621615
16.800,2.350967,12.917468
16.900,2.446109,12.253034
17.000,2.551680,11.626274
17.100,2.668298,11.035250
17.200,2.796657,10.478118
17.300,2.937541,9.953131
17.400,3.091818,9.458632
17.500,3.260450,8.993053
17.600,3.444498,8.554914
17.700,3.645127,8.142815
17.800,3.863613,7.755440
17.900,4.101351,7.391546
18.000,4.359863,7.049970
18.100,4.640807,6.729619
18.200,4.945988,6.429472
18.300,5.277365,6.148577
18.400,5.637065,5.886049
18.500,6.027396,5.641069
18.600,6.450854,5.412886
18.700,6.910144,5.200811
18.800,7.408185,5.004222
18.900,7.948130,4.822563
19.000,8.533381,4.655345
19.100,9.167597,4.502149
19.200,9.854717,4.362628
19.300,10.598965,4.236512
19.400,11.404870,4.123614
19.500,12.277274,4.023837
19.600,13.221340,3.937182
19.700,14.242561,3.863762
19.800,15.346756,3.803812
19.900,16.540067,3.757714
20.000,17.828944,3.726016
20.100,19.220116,3.709462
20.200,20.720550,3.709027
20.300,22.337391,3.725968
20.400,24.077865,3.761876
20.500,25.949155,3.818756
20.600,27.958229,3.899119
20.700,30.111604,4.006101
20.800,32.415026,4.143622
20.900,34.873054,4.316580
21.000,37.488496,4.531107
21.100,40.261674,4.794898
21.200,43.189459,5.117629
21.300,46.264008,5.511497
21.400,49.471134,5.991899
21.500,52.788223,6.578282
21.600,56.181610,7.295186
21.700,59.603362,8.173460
21.800,62.987477,9.251613
21.900,66.245666,10.577107
22.000,69.263196,12.207271
22.100,71.895745,14.209154
22.200,73.969004,16.657269
22.300,75.283635,19.627679
22.400,75.628967,23.186658
22.500,74.808514,27.372670
22.600,72.677833,32.172517
22.700,69.189454,37.496513
22.800,64.431574,43.162555
22.900,58.641814,48.901138
23.000,52.181544,54.388452
23.100,45.472489,59.301974
23.200,38.917028,63.379740
23.300,32.832001,66.461304
23.400,27.416368,68.498351
23.500,22.754256,69.538058
23.600,18.840740,69.691957
23.700,15.614659,69.103547
23.800,12.987484,67.922754
23.900,10.863772,66.289628
24.000,9.153271,64.326129
24.100,7.776693,62.133547
24.200,6.667471,59.793240
24.300,5.771302,57.368954
24.400,5.044688,54.909670
24.500,4.453176,52.452402
24.600,3.969647,50.024666
24.700,3.572815,47.646562
24.800,3.245986,45.332442
24.900,2.976046,43.092249
25.000,2.752676,40.932554
25.100,2.567730,38.857362
25.200,2.414758,36.868738
25.300,2.288636,34.967285
25.400,2.185282,33.152513
25.500,2.101438,31.423125
25.600,2.034497,29.777231
25.700,1.982375,28.212520
25.800,1.943409,26.726389
25.900,1.916275,25.316039
26.000,1.899932,23.978555
26.100,1.893566,22.710962
26.200,1.896559,21.510273
26.300,1.908455,20.373519
26.400,1.928942,19.297778
26.500,1.957826,18.280191
26.600,1.995024,17.317979
26.700,2.040552,16.408451
26.800,2.094514,15.549010
26.900,2.157100,14.737160
27.000,2.228579,13.970507
27.100,2.309298,13.246759
27.200,2.399681,12.563728
27.300,2.500229,11.919327
27.400,2.611520,11.311569
27.500,2.734212,10.738568
27.600,2.869047,10.198529
27.700,3.016850,9.689753
27.800,3.178541,9.210632
27.900,3.355131,8.759643
28.000,3.547735,8.335348
28.100,3.757576,7.936392
28.200,3.985992,7.561498
28.300,4.234443,7.209465
28.400,4.504521,6.879167
28.500,4.797960,6.569549
28.600,5.116644,6.279627
28.700,5.462621,6.008483
28.800,5.838110,5.755269
28.900,6.245516,5.519200
29.000,6.687443,5.299558
29.100,7.166706,5.095689
29.200,7.686348,4.907006
29.300,8.249648,4.732988
29.400,8.860143,4.573181
29.500,9.521635,4.427205
29.600,10.238214,4.294753
29.700,11.014261,4.175597
29.800,11.854468,4.069596
29.900,12.763845,3.976704
30.000,13.747728,3.896978
30.100,14.811782,3.830594
30.200,15.961996,3.777862
30.300,17.204676,3.739247
30.400,18.546423,3.715396
30.500,19.994099,3.707170
30.600,21.554772,3.715685
30.700,23.235644,3.742364
30.800,25.043936,3.789008
30.900,26.986744,3.857872
31.000,29.070833,3.951780
31.100,31.302359,4.074257
31.200,33.686507,4.229708
31.300,36.226995,4.423645
31.400,38.925430,4.662973
31.500,41.780461,4.956369
31.600,44.786660,5.314758
31.700,47.933081,5.751922
31.800,51.201405,6.285268
31.900,54.563577,6.936775
32.000,57.978878,7.734135
32.100,61.390391,8.712050
32.200,64.720947,9.913582
32.300,67.868853,11.391310
32.400,70.704104,13.207788
32.500,73.066411,15.434458
32.600,74.767231,18.147686
32.700,75.598875,21.420215
32.800,75.354122,25.306390
32.900,73.858435,29.820747
33.000,71.012696,34.912728
33.100,66.836997,40.445037
33.200,61.498600,46.187304
33.300,55.306003,51.835640
33.400,48.661898,57.059203
33.500,41.987593,61.560599
33.600,35.646906,65.127902
33.700,29.896368,67.660199
33.800,24.872424,69.162665
33.900,20.608433,69.720500
34.000,17.065920,69.465743
34.100,14.166245,68.547869
34.200,11.815266,67.113083
34.300,9.919214,65.292541
34.400,8.393181,63.197410
34.500,7.164517,60.918286
34.600,6.173238,58.526936
34.700,5.370929,56.078989
34.800,4.719065,53.616811
34.900,4.187245,51.172143
35.000,3.751586,48.768374
35.100,3.393354,46.422398
35.200,3.097844,44.146106
35.300,2.853499,41.947556
35.400,2.651208,39.831884
35.500,2.483767,37.802007
35.600,2.345463,35.859172
35.700,2.231752,34.003367
35.800,2.139006,32.233646
35.900,2.064328,30.548379
36.000,2.005401,28.945436
36.100,1.960373,27.422338
36.200,1.927767,25.976368
36.300,1.906415,24.604658
36.400,1.895401,23.304256
36.500,1.894016,22.072176
36.600,1.901733,20.905436
36.700,1.918172,19.801089
36.800,1.943086,18.756244
36.900,1.976341,17.768084
37.000,2.017907,16.833873
37.100,2.067847,15.950970
37.200,2.126310,15.116830
37.300,2.193529,14.329011
37.400,2.269813,13.585172
37.500,2.355550,12.883077
37.600,2.451205,12.220589
37.700,2.557319,11.595676
37.800,2.674512,11.006403
37.900,2.803485,10.450932
38.000,2.945023,9.927519
38.100,3.100001,9.434514
38.200,3.269386,8.970353
38.300,3.454243,8.533559
38.400,3.655742,8.122737
38.500,3.875166,7.736573
38.600,4.113916,7.373832
38.700,4.373520,7.033351
38.800,4.655644,6.714042
38.900,4.962099,6.414887
39.000,5.294855,6.134938
39.100,5.656045,5.873314
39.200,6.047988,5.629198
39.300,6.473190,5.401843
39.400,6.934365,5.190563
39.500,7.434445,4.994739
39.600,7.976595,4.813820
39.700,8.564229,4.647318
39.800,9.201020,4.494819
39.900,9.890921,4.355980
40.000,10.638172,4.230534
40.100,11.447317,4.118300
40.200,12.323213,4.019184
40.300,13.271042,3.933193
40.400,14.296311,3.860446
40.500,15.404856,3.801185
40.600,16.602836,3.755800
40.700,17.896714,3.724847
40.800,19.293234,3.709081
40.900,20.799374,3.709491
41.000,22.422283,3.727349
41.100,24.169190,3.764265
41.200,26.047271,3.822267
41.300,28.063479,3.903893
41.400,30.224298,4.012318
41.500,32.535426,4.151504
41.600,35.001347,4.326404
41.700,37.624765,4.543222
41.800,40.405852,4.809741
41.900,43.341273,5.135752
42.000,46.422906,5.533594
42.100,49.636195,6.018847
42.200,52.958033,6.611191
42.300,56.354117,7.335451
42.400,59.775698,8.222832
42.500,63.155749,9.312264
42.600,66.404744,10.651692
42.700,69.406516,12.298951
42.800,72.015206,14.321545
42.900,74.055063,16.794243
43.000,75.325763,19.792937
43.100,75.616636,23.382985
43.200,74.732825,27.600848
43.300,72.533696,32.430031
43.400,68.977837,37.776434
43.500,64.160954,43.453198
43.600,58.327889,49.187046
43.700,51.844831,54.652781
43.800,45.134438,59.529594
43.900,38.596120,63.559900
44.000,32.541208,66.588931
44.100,27.162533,68.573778
44.200,22.538985,69.565671
44.300,18.662012,69.678496
44.400,15.468442,69.056611
44.500,12.868985,67.849756
44.600,10.768234,66.197205
44.700,9.076396,64.219897
44.800,7.714810,62.018079
44.900,6.617551,59.672154
45.000,5.730904,57.245052
45.100,5.011869,54.785086
45.200,4.426405,52.328733
45.300,3.947719,49.903090
45.400,3.554788,47.527926
45.500,3.231118,45.217344
45.600,2.963756,42.981094
45.700,2.742505,40.825598
45.800,2.559315,38.754751
45.900,2.407811,36.770533
46.000,2.282928,34.873485
46.100,2.180631,33.063069
46.200,2.097698,31.337953
46.300,2.031551,29.696223
46.400,1.980130,28.135551
46.500,1.941790,26.653320
46.600,1.915225,25.246725
46.700,1.899403,23.912846
46.800,1.893523,22.648708
46.900,1.896976,21.451322
47.000,1.909313,20.317723
47.100,1.930227,19.244990
47.200,1.959533,18.230268
47.300,1.997152,17.270784
47.400,2.043103,16.363849
47.500,2.097497,15.506873
47.600,2.160526,14.697364
47.700,2.232463,13.932934
47.800,2.313661,13.211296
47.900,2.404546,12.530267
48.000,2.505623,11.887765
48.100,2.617475,11.281809
48.200,2.740764,10.710515
48.300,2.876235,10.172097
48.400,3.024720,9.664858
48.500,3.187140,9.187194
48.600,3.364514,8.737588
48.700,3.557961,8.314606
48.800,3.768710,7.916896
48.900,3.998105,7.543186
49.000,4.247612,7.192278
49.100,4.518831,6.863051
49.200,4.813503,6.554452
49.300,5.133520,6.265500
49.400,5.480937,5.995283
49.500,5.857983,5.742954
49.600,6.267074,5.507732
49.700,6.710823,5.288902
49.800,7.192058,5.085815
49.900,7.713831,4.897886
50.000,8.279435,4.724596
50.100,8.892420,4.565498
50.200,9.556603,4.420213
50.300,10.276086,4.288438
50.400,11.055268,4.169950
50.500,11.898856,4.064613
50.600,12.811877,3.972385
50.700,13.799683,3.893329
50.800,14.867954,3.827628
50.900,16.022698,3.775598
51.000,17.270235,3.737714
51.100,18.617181,3.714632
51.200,20.070409,3.707225
51.300,21.636996,3.716623
51.400,23.324148,3.744268
51.500,25.139083,3.791980
51.600,27.088887,3.862040
51.700,29.180300,3.957305
51.800,31.419440,4.081340
51.900,33.811428,4.238600
52.000,36.359893,4.434658
52.100,39.066316,4.676502
52.200,41.929166,4.972910
52.300,44.942775,5.334935
52.400,48.095871,5.776522
52.500,51.369702,6.315286
52.600,54.735648,6.973468
52.700,58.152257,7.779082
52.800,61.561690,8.767220
52.900,64.885634,9.981403
53.000,68.021047,11.474712
53.100,70.836413,13.310195
53.200,73.169919,15.559669
53.300,74.831759,18.299569
53.400,75.613699,21.602116
53.500,75.309292,25.520200
53.600,73.746740,30.065677
53.700,70.831967,35.184036
53.800,66.592071,40.733232
53.900,61.201960,46.478458
54.000,54.976358,52.113149
54.100,48.320846,57.306684
54.200,41.655514,61.764921
54.300,35.339631,65.281216
54.400,29.623646,67.760383
54.500,24.638181,69.212396
54.600,20.412155,69.725628
54.700,16.904336,69.433644
54.800,14.034784,68.486166
54.900,11.709064,67.028853
55.000,9.833709,65.191917
55.100,8.324381,63.085469
55.200,7.109083,60.799097
55.300,6.128450,58.403680
55.400,5.334612,55.954109
55.500,4.689498,53.492147
55.600,4.163074,51.049064
55.700,3.731749,48.647876
55.800,3.377016,46.305192
55.900,3.084352,44.032683
56.000,2.842337,41.838240
56.100,2.641970,39.726869
56.200,2.476130,37.701392
56.300,2.339173,35.762983
56.400,2.226603,33.911575
56.500,2.134836,32.146184
56.600,2.061008,30.465148
56.700,2.002826,28.866318
56.800,1.958459,27.347199
56.900,1.926449,25.905066
57.000,1.905641,24.537045
57.100,1.895130,23.240180
57.200,1.894218,22.011485
57.300,1.902385,20.847980
57.400,1.919259,19.746720
57.500,1.944599,18.704817
57.600,1.978275,17.719458
57.700,2.020264,16.787911
57.800,2.070632,15.907541
57.900,2.129533,15.075809
58.000,2.197204,14.290276
58.100,2.273959,13.548607
58.200,2.360188,12.848570
58.300,2.456361,12.188036
58.400,2.563022,11.564975
58.500,2.680796,10.977460
58.600,2.810388,10.423655
58.700,2.952588,9.901824
58.800,3.108274,9.410318
58.900,3.278418,8.947580
59.000,3.464092,8.512135
59.100,3.666470,8.102595
59.200,3.886841,7.717648
59.300,4.126613,7.356062
59.400,4.387321,7.016681
59.500,4.670637,6.698418
59.600,4.978380,6.400259
59.700,5.312528,6.121260
59.800,5.675224,5.860543
59.900,6.068795,5.617295
60.000,6.495759,5.390771
